{
  "timestamp": "2026-03-16 19:45:14",
  "training_type": "segmentation",
  "params": {
    "epochs": 5,
    "batch_size": 8,
    "learning_rate": 0.001,
    "image_size": 512
  },
  "label_mapping": {
    "0": "liefeng"
  },
  "results": {
    "loss": 0.034476201981306076,
    "accuracy": 99.8948872089386,
    "val_loss": 0.020228466019034386,
    "val_accuracy": 99.90791082382202,
    "miou": 0.5594113683700561,
    "f1_score": 0.7991590976715088,
    "precision": 0.0009530617107457708,
    "recall": 0.0033140016570008283,
    "best_threshold": 0.01,
    "prediction_mean": 0.00016515221795998514,
    "prediction_max": 0.4010879695415497,
    "mask_coverage": 0.0033140016570008283,
    "combined_score": 0.0019919383550447596,
    "mask_positive_ratio": 0.000920867919921875
  },
  "model_save_path": "1\\models\\segment_detector_20260316_193722\\weights\\best.h5"
}