loss,accuracy,val_loss,val_accuracy,lr
0.36849039793014526,0.9827743768692017,0.010533374734222889,0.9990791082382202,0.001
