loss,accuracy,val_loss,val_accuracy,lr
0.2584289312362671,0.9972476959228516,0.017749223858118057,0.9990791082382202,0.001
